﻿<?xml version="1.0" encoding="utf-8" ?>
<SpriteFont>
  <Face Style="Regular">
    <Texture>SegoeUITexture</Texture>
    <TextureRegion>0 0 263 164</TextureRegion>
    <Kernings>
      <Kerning Pair="rs">-1</Kerning>
      <Kerning Pair="kr">-1</Kerning>
      <Kerning Pair="re">-1</Kerning>
      <Kerning Pair="ow">-1</Kerning>
      <Kerning Pair="we">-1</Kerning>
      <Kerning Pair="ks">-1</Kerning>
      <Kerning Pair="rt">-1</Kerning>
      <Kerning Pair="es">-1</Kerning>
      <Kerning Pair="nj">-1</Kerning>
    </Kernings>
  </Face>
</SpriteFont>