﻿<?xml version="1.0" encoding="utf-8" standalone="yes"?>
<SpriteFont>
  <Face Style="Regular">
    <Texture>SegoeUITexture-xhdpi</Texture>
    <TextureRegion>0 0 505 504</TextureRegion>
    <Kernings DefaultAdjustment="-14">
      <Kerning Pair=" !">-2</Kerning>
      <Kerning Pair=" &quot;">-2</Kerning>
      <Kerning Pair=" #">-2</Kerning>
      <Kerning Pair=" $">-2</Kerning>
      <Kerning Pair=" %">-2</Kerning>
      <Kerning Pair=" &amp;">-2</Kerning>
      <Kerning Pair=" '">-2</Kerning>
      <Kerning Pair=" (">-2</Kerning>
      <Kerning Pair=" )">-2</Kerning>
      <Kerning Pair=" *">-2</Kerning>
      <Kerning Pair=" +">-2</Kerning>
      <Kerning Pair=" ,">-2</Kerning>
      <Kerning Pair=" -">-2</Kerning>
      <Kerning Pair=" .">-2</Kerning>
      <Kerning Pair=" /">-2</Kerning>
      <Kerning Pair=" 0">-2</Kerning>
      <Kerning Pair=" 1">-2</Kerning>
      <Kerning Pair=" 2">-2</Kerning>
      <Kerning Pair=" 3">-2</Kerning>
      <Kerning Pair=" 4">-2</Kerning>
      <Kerning Pair=" 5">-2</Kerning>
      <Kerning Pair=" 6">-2</Kerning>
      <Kerning Pair=" 7">-2</Kerning>
      <Kerning Pair=" 8">-2</Kerning>
      <Kerning Pair=" 9">-2</Kerning>
      <Kerning Pair=" :">-2</Kerning>
      <Kerning Pair=" ;">-2</Kerning>
      <Kerning Pair=" &lt;">-2</Kerning>
      <Kerning Pair=" =">-2</Kerning>
      <Kerning Pair=" &gt;">-2</Kerning>
      <Kerning Pair=" ?">-2</Kerning>
      <Kerning Pair=" @">-2</Kerning>
      <Kerning Pair=" A">-2</Kerning>
      <Kerning Pair=" B">-2</Kerning>
      <Kerning Pair=" C">-2</Kerning>
      <Kerning Pair=" D">-2</Kerning>
      <Kerning Pair=" E">-2</Kerning>
      <Kerning Pair=" F">-2</Kerning>
      <Kerning Pair=" G">-2</Kerning>
      <Kerning Pair=" H">-2</Kerning>
      <Kerning Pair=" I">-2</Kerning>
      <Kerning Pair=" J">-2</Kerning>
      <Kerning Pair=" K">-2</Kerning>
      <Kerning Pair=" L">-2</Kerning>
      <Kerning Pair=" M">-2</Kerning>
      <Kerning Pair=" N">-2</Kerning>
      <Kerning Pair=" O">-2</Kerning>
      <Kerning Pair=" P">-2</Kerning>
      <Kerning Pair=" Q">-2</Kerning>
      <Kerning Pair=" R">-2</Kerning>
      <Kerning Pair=" S">-2</Kerning>
      <Kerning Pair=" T">-2</Kerning>
      <Kerning Pair=" U">-2</Kerning>
      <Kerning Pair=" V">-2</Kerning>
      <Kerning Pair=" W">-2</Kerning>
      <Kerning Pair=" X">-2</Kerning>
      <Kerning Pair=" Y">-2</Kerning>
      <Kerning Pair=" Z">-2</Kerning>
      <Kerning Pair=" [">-2</Kerning>
      <Kerning Pair=" \">-2</Kerning>
      <Kerning Pair=" ]">-2</Kerning>
      <Kerning Pair=" ^">-2</Kerning>
      <Kerning Pair=" _">-2</Kerning>
      <Kerning Pair=" `">-2</Kerning>
      <Kerning Pair=" a">-2</Kerning>
      <Kerning Pair=" b">-2</Kerning>
      <Kerning Pair=" c">-2</Kerning>
      <Kerning Pair=" d">-2</Kerning>
      <Kerning Pair=" e">-2</Kerning>
      <Kerning Pair=" f">-2</Kerning>
      <Kerning Pair=" g">-2</Kerning>
      <Kerning Pair=" h">-2</Kerning>
      <Kerning Pair=" i">-2</Kerning>
      <Kerning Pair=" j">-2</Kerning>
      <Kerning Pair=" k">-2</Kerning>
      <Kerning Pair=" l">-2</Kerning>
      <Kerning Pair=" m">-2</Kerning>
      <Kerning Pair=" n">-2</Kerning>
      <Kerning Pair=" o">-2</Kerning>
      <Kerning Pair=" p">-2</Kerning>
      <Kerning Pair=" q">-2</Kerning>
      <Kerning Pair=" r">-2</Kerning>
      <Kerning Pair=" s">-2</Kerning>
      <Kerning Pair=" t">-2</Kerning>
      <Kerning Pair=" u">-2</Kerning>
      <Kerning Pair=" v">-2</Kerning>
      <Kerning Pair=" w">-2</Kerning>
      <Kerning Pair=" x">-2</Kerning>
      <Kerning Pair=" y">-2</Kerning>
      <Kerning Pair=" z">-2</Kerning>
      <Kerning Pair=" {">-2</Kerning>
      <Kerning Pair=" |">-2</Kerning>
      <Kerning Pair=" }">-2</Kerning>
      <Kerning Pair=" ~">-2</Kerning>
    </Kernings>
  </Face>
  <Face Style="Bold">
    <Texture>SegoeUITexture-xhdpi</Texture>
    <TextureRegion>0 504 511 504</TextureRegion>
    <Kernings DefaultAdjustment="-14">
      <Kerning Pair=" !">-2</Kerning>
      <Kerning Pair=" &quot;">-2</Kerning>
      <Kerning Pair=" #">-2</Kerning>
      <Kerning Pair=" $">-2</Kerning>
      <Kerning Pair=" %">-2</Kerning>
      <Kerning Pair=" &amp;">-2</Kerning>
      <Kerning Pair=" '">-2</Kerning>
      <Kerning Pair=" (">-2</Kerning>
      <Kerning Pair=" )">-2</Kerning>
      <Kerning Pair=" *">-2</Kerning>
      <Kerning Pair=" +">-2</Kerning>
      <Kerning Pair=" ,">-2</Kerning>
      <Kerning Pair=" -">-2</Kerning>
      <Kerning Pair=" .">-2</Kerning>
      <Kerning Pair=" /">-2</Kerning>
      <Kerning Pair=" 0">-2</Kerning>
      <Kerning Pair=" 1">-2</Kerning>
      <Kerning Pair=" 2">-2</Kerning>
      <Kerning Pair=" 3">-2</Kerning>
      <Kerning Pair=" 4">-2</Kerning>
      <Kerning Pair=" 5">-2</Kerning>
      <Kerning Pair=" 6">-2</Kerning>
      <Kerning Pair=" 7">-2</Kerning>
      <Kerning Pair=" 8">-2</Kerning>
      <Kerning Pair=" 9">-2</Kerning>
      <Kerning Pair=" :">-2</Kerning>
      <Kerning Pair=" ;">-2</Kerning>
      <Kerning Pair=" &lt;">-2</Kerning>
      <Kerning Pair=" =">-2</Kerning>
      <Kerning Pair=" &gt;">-2</Kerning>
      <Kerning Pair=" ?">-2</Kerning>
      <Kerning Pair=" @">-2</Kerning>
      <Kerning Pair=" A">-2</Kerning>
      <Kerning Pair=" B">-2</Kerning>
      <Kerning Pair=" C">-2</Kerning>
      <Kerning Pair=" D">-2</Kerning>
      <Kerning Pair=" E">-2</Kerning>
      <Kerning Pair=" F">-2</Kerning>
      <Kerning Pair=" G">-2</Kerning>
      <Kerning Pair=" H">-2</Kerning>
      <Kerning Pair=" I">-2</Kerning>
      <Kerning Pair=" J">-2</Kerning>
      <Kerning Pair=" K">-2</Kerning>
      <Kerning Pair=" L">-2</Kerning>
      <Kerning Pair=" M">-2</Kerning>
      <Kerning Pair=" N">-2</Kerning>
      <Kerning Pair=" O">-2</Kerning>
      <Kerning Pair=" P">-2</Kerning>
      <Kerning Pair=" Q">-2</Kerning>
      <Kerning Pair=" R">-2</Kerning>
      <Kerning Pair=" S">-2</Kerning>
      <Kerning Pair=" T">-2</Kerning>
      <Kerning Pair=" U">-2</Kerning>
      <Kerning Pair=" V">-2</Kerning>
      <Kerning Pair=" W">-2</Kerning>
      <Kerning Pair=" X">-2</Kerning>
      <Kerning Pair=" Y">-2</Kerning>
      <Kerning Pair=" Z">-2</Kerning>
      <Kerning Pair=" [">-2</Kerning>
      <Kerning Pair=" \">-2</Kerning>
      <Kerning Pair=" ]">-2</Kerning>
      <Kerning Pair=" ^">-2</Kerning>
      <Kerning Pair=" _">-2</Kerning>
      <Kerning Pair=" `">-2</Kerning>
      <Kerning Pair=" a">-2</Kerning>
      <Kerning Pair=" b">-2</Kerning>
      <Kerning Pair=" c">-2</Kerning>
      <Kerning Pair=" d">-2</Kerning>
      <Kerning Pair=" e">-2</Kerning>
      <Kerning Pair=" f">-2</Kerning>
      <Kerning Pair=" g">-2</Kerning>
      <Kerning Pair=" h">-2</Kerning>
      <Kerning Pair=" i">-2</Kerning>
      <Kerning Pair=" j">-2</Kerning>
      <Kerning Pair=" k">-2</Kerning>
      <Kerning Pair=" l">-2</Kerning>
      <Kerning Pair=" m">-2</Kerning>
      <Kerning Pair=" n">-2</Kerning>
      <Kerning Pair=" o">-2</Kerning>
      <Kerning Pair=" p">-2</Kerning>
      <Kerning Pair=" q">-2</Kerning>
      <Kerning Pair=" r">-2</Kerning>
      <Kerning Pair=" s">-2</Kerning>
      <Kerning Pair=" t">-2</Kerning>
      <Kerning Pair=" u">-2</Kerning>
      <Kerning Pair=" v">-2</Kerning>
      <Kerning Pair=" w">-2</Kerning>
      <Kerning Pair=" x">-2</Kerning>
      <Kerning Pair=" y">-2</Kerning>
      <Kerning Pair=" z">-2</Kerning>
      <Kerning Pair=" {">-2</Kerning>
      <Kerning Pair=" |">-2</Kerning>
      <Kerning Pair=" }">-2</Kerning>
      <Kerning Pair=" ~">-2</Kerning>
    </Kernings>
  </Face>
  <Face Style="Italic">
    <Texture>SegoeUITexture-xhdpi</Texture>
    <TextureRegion>0 1008 505 504</TextureRegion>
    <Kernings DefaultAdjustment="-14">
      <Kerning Pair=" !">-2</Kerning>
      <Kerning Pair=" &quot;">-2</Kerning>
      <Kerning Pair=" #">-2</Kerning>
      <Kerning Pair=" $">-2</Kerning>
      <Kerning Pair=" %">-2</Kerning>
      <Kerning Pair=" &amp;">-2</Kerning>
      <Kerning Pair=" '">-2</Kerning>
      <Kerning Pair=" (">-2</Kerning>
      <Kerning Pair=" )">-2</Kerning>
      <Kerning Pair=" *">-2</Kerning>
      <Kerning Pair=" +">-2</Kerning>
      <Kerning Pair=" ,">-2</Kerning>
      <Kerning Pair=" -">-2</Kerning>
      <Kerning Pair=" .">-2</Kerning>
      <Kerning Pair=" /">-2</Kerning>
      <Kerning Pair=" 0">-2</Kerning>
      <Kerning Pair=" 1">-2</Kerning>
      <Kerning Pair=" 2">-2</Kerning>
      <Kerning Pair=" 3">-2</Kerning>
      <Kerning Pair=" 4">-2</Kerning>
      <Kerning Pair=" 5">-2</Kerning>
      <Kerning Pair=" 6">-2</Kerning>
      <Kerning Pair=" 7">-2</Kerning>
      <Kerning Pair=" 8">-2</Kerning>
      <Kerning Pair=" 9">-2</Kerning>
      <Kerning Pair=" :">-2</Kerning>
      <Kerning Pair=" ;">-2</Kerning>
      <Kerning Pair=" &lt;">-2</Kerning>
      <Kerning Pair=" =">-2</Kerning>
      <Kerning Pair=" &gt;">-2</Kerning>
      <Kerning Pair=" ?">-2</Kerning>
      <Kerning Pair=" @">-2</Kerning>
      <Kerning Pair=" A">-2</Kerning>
      <Kerning Pair=" B">-2</Kerning>
      <Kerning Pair=" C">-2</Kerning>
      <Kerning Pair=" D">-2</Kerning>
      <Kerning Pair=" E">-2</Kerning>
      <Kerning Pair=" F">-2</Kerning>
      <Kerning Pair=" G">-2</Kerning>
      <Kerning Pair=" H">-2</Kerning>
      <Kerning Pair=" I">-2</Kerning>
      <Kerning Pair=" J">-2</Kerning>
      <Kerning Pair=" K">-2</Kerning>
      <Kerning Pair=" L">-2</Kerning>
      <Kerning Pair=" M">-2</Kerning>
      <Kerning Pair=" N">-2</Kerning>
      <Kerning Pair=" O">-2</Kerning>
      <Kerning Pair=" P">-2</Kerning>
      <Kerning Pair=" Q">-2</Kerning>
      <Kerning Pair=" R">-2</Kerning>
      <Kerning Pair=" S">-2</Kerning>
      <Kerning Pair=" T">-2</Kerning>
      <Kerning Pair=" U">-2</Kerning>
      <Kerning Pair=" V">-2</Kerning>
      <Kerning Pair=" W">-2</Kerning>
      <Kerning Pair=" X">-2</Kerning>
      <Kerning Pair=" Y">-2</Kerning>
      <Kerning Pair=" Z">-2</Kerning>
      <Kerning Pair=" [">-2</Kerning>
      <Kerning Pair=" \">-2</Kerning>
      <Kerning Pair=" ]">-2</Kerning>
      <Kerning Pair=" ^">-2</Kerning>
      <Kerning Pair=" _">-2</Kerning>
      <Kerning Pair=" `">-2</Kerning>
      <Kerning Pair=" a">-2</Kerning>
      <Kerning Pair=" b">-2</Kerning>
      <Kerning Pair=" c">-2</Kerning>
      <Kerning Pair=" d">-2</Kerning>
      <Kerning Pair=" e">-2</Kerning>
      <Kerning Pair=" f">-2</Kerning>
      <Kerning Pair=" g">-2</Kerning>
      <Kerning Pair=" h">-2</Kerning>
      <Kerning Pair=" i">-2</Kerning>
      <Kerning Pair=" j">-2</Kerning>
      <Kerning Pair=" k">-2</Kerning>
      <Kerning Pair=" l">-2</Kerning>
      <Kerning Pair=" m">-2</Kerning>
      <Kerning Pair=" n">-2</Kerning>
      <Kerning Pair=" o">-2</Kerning>
      <Kerning Pair=" p">-2</Kerning>
      <Kerning Pair=" q">-2</Kerning>
      <Kerning Pair=" r">-2</Kerning>
      <Kerning Pair=" s">-2</Kerning>
      <Kerning Pair=" t">-2</Kerning>
      <Kerning Pair=" u">-2</Kerning>
      <Kerning Pair=" v">-2</Kerning>
      <Kerning Pair=" w">-2</Kerning>
      <Kerning Pair=" x">-2</Kerning>
      <Kerning Pair=" y">-2</Kerning>
      <Kerning Pair=" z">-2</Kerning>
      <Kerning Pair=" {">-2</Kerning>
      <Kerning Pair=" |">-2</Kerning>
      <Kerning Pair=" }">-2</Kerning>
      <Kerning Pair=" ~">-2</Kerning>
    </Kernings>
  </Face>
  <Face Style="BoldItalic">
    <Texture>SegoeUITexture-xhdpi</Texture>
    <TextureRegion>0 1512 497 504</TextureRegion>
    <Kernings DefaultAdjustment="-14">
      <Kerning Pair=" !">-2</Kerning>
      <Kerning Pair=" &quot;">-2</Kerning>
      <Kerning Pair=" #">-2</Kerning>
      <Kerning Pair=" $">-2</Kerning>
      <Kerning Pair=" %">-2</Kerning>
      <Kerning Pair=" &amp;">-2</Kerning>
      <Kerning Pair=" '">-2</Kerning>
      <Kerning Pair=" (">-2</Kerning>
      <Kerning Pair=" )">-2</Kerning>
      <Kerning Pair=" *">-2</Kerning>
      <Kerning Pair=" +">-2</Kerning>
      <Kerning Pair=" ,">-2</Kerning>
      <Kerning Pair=" -">-2</Kerning>
      <Kerning Pair=" .">-2</Kerning>
      <Kerning Pair=" /">-2</Kerning>
      <Kerning Pair=" 0">-2</Kerning>
      <Kerning Pair=" 1">-2</Kerning>
      <Kerning Pair=" 2">-2</Kerning>
      <Kerning Pair=" 3">-2</Kerning>
      <Kerning Pair=" 4">-2</Kerning>
      <Kerning Pair=" 5">-2</Kerning>
      <Kerning Pair=" 6">-2</Kerning>
      <Kerning Pair=" 7">-2</Kerning>
      <Kerning Pair=" 8">-2</Kerning>
      <Kerning Pair=" 9">-2</Kerning>
      <Kerning Pair=" :">-2</Kerning>
      <Kerning Pair=" ;">-2</Kerning>
      <Kerning Pair=" &lt;">-2</Kerning>
      <Kerning Pair=" =">-2</Kerning>
      <Kerning Pair=" &gt;">-2</Kerning>
      <Kerning Pair=" ?">-2</Kerning>
      <Kerning Pair=" @">-2</Kerning>
      <Kerning Pair=" A">-2</Kerning>
      <Kerning Pair=" B">-2</Kerning>
      <Kerning Pair=" C">-2</Kerning>
      <Kerning Pair=" D">-2</Kerning>
      <Kerning Pair=" E">-2</Kerning>
      <Kerning Pair=" F">-2</Kerning>
      <Kerning Pair=" G">-2</Kerning>
      <Kerning Pair=" H">-2</Kerning>
      <Kerning Pair=" I">-2</Kerning>
      <Kerning Pair=" J">-2</Kerning>
      <Kerning Pair=" K">-2</Kerning>
      <Kerning Pair=" L">-2</Kerning>
      <Kerning Pair=" M">-2</Kerning>
      <Kerning Pair=" N">-2</Kerning>
      <Kerning Pair=" O">-2</Kerning>
      <Kerning Pair=" P">-2</Kerning>
      <Kerning Pair=" Q">-2</Kerning>
      <Kerning Pair=" R">-2</Kerning>
      <Kerning Pair=" S">-2</Kerning>
      <Kerning Pair=" T">-2</Kerning>
      <Kerning Pair=" U">-2</Kerning>
      <Kerning Pair=" V">-2</Kerning>
      <Kerning Pair=" W">-2</Kerning>
      <Kerning Pair=" X">-2</Kerning>
      <Kerning Pair=" Y">-2</Kerning>
      <Kerning Pair=" Z">-2</Kerning>
      <Kerning Pair=" [">-2</Kerning>
      <Kerning Pair=" \">-2</Kerning>
      <Kerning Pair=" ]">-2</Kerning>
      <Kerning Pair=" ^">-2</Kerning>
      <Kerning Pair=" _">-2</Kerning>
      <Kerning Pair=" `">-2</Kerning>
      <Kerning Pair=" a">-2</Kerning>
      <Kerning Pair=" b">-2</Kerning>
      <Kerning Pair=" c">-2</Kerning>
      <Kerning Pair=" d">-2</Kerning>
      <Kerning Pair=" e">-2</Kerning>
      <Kerning Pair=" f">-2</Kerning>
      <Kerning Pair=" g">-2</Kerning>
      <Kerning Pair=" h">-2</Kerning>
      <Kerning Pair=" i">-2</Kerning>
      <Kerning Pair=" j">-2</Kerning>
      <Kerning Pair=" k">-2</Kerning>
      <Kerning Pair=" l">-2</Kerning>
      <Kerning Pair=" m">-2</Kerning>
      <Kerning Pair=" n">-2</Kerning>
      <Kerning Pair=" o">-2</Kerning>
      <Kerning Pair=" p">-2</Kerning>
      <Kerning Pair=" q">-2</Kerning>
      <Kerning Pair=" r">-2</Kerning>
      <Kerning Pair=" s">-2</Kerning>
      <Kerning Pair=" t">-2</Kerning>
      <Kerning Pair=" u">-2</Kerning>
      <Kerning Pair=" v">-2</Kerning>
      <Kerning Pair=" w">-2</Kerning>
      <Kerning Pair=" x">-2</Kerning>
      <Kerning Pair=" y">-2</Kerning>
      <Kerning Pair=" z">-2</Kerning>
      <Kerning Pair=" {">-2</Kerning>
      <Kerning Pair=" |">-2</Kerning>
      <Kerning Pair=" }">-2</Kerning>
      <Kerning Pair=" ~">-2</Kerning>
    </Kernings>
  </Face>
</SpriteFont>